<?xml version="1.0"?>
<ruleset name="PHPQA">
    <description>The PHPQA coding standard.</description>
    <arg name="tab-width" value="4"/>

    <!-- All of PSR12                                                         //-->
    <!-- see vendor/squizlabs/php_codesniffer/src/Standards/PSR12/ruleset.xml //-->
    <rule ref="PSR12"/>
    <rule ref="Generic.Files.LineLength">
        <properties>
            <property name="lineLimit" value="76"/>
            <property name="absoluteLineLimit" value="76"/>
        </properties>
    </rule>


</ruleset>
